Borough,Development Name,Consumption (KWH),Borough_avg_KWH_per_capita,Exceeds_Avg,Population,Expected_KWH,KWH_Saved
BRONX,ADAMS,6478476.0,153.19339641219187,True,16546.674157303372,2534841.2134831464,3943634.7865168536
BRONX,ALBANY,122090.0,153.19339641219187,True,16546.674157303372,2534841.2134831464,0.0
BRONX,BARUCH,685600.0,153.19339641219187,True,16546.674157303372,2534841.2134831464,0.0
BRONX,BERRY,2681600.0,153.19339641219187,True,16546.674157303372,2534841.2134831464,146758.7865168536
BRONX,BERRY STREET-SOUTH 9TH STREET,97418.0,153.19339641219187,True,16546.674157303372,2534841.2134831464,0.0
BRONX,BETANCES V,432600.0,153.19339641219187,True,16546.674157303372,2534841.2134831464,0.0
BRONX,BETANCES VI,410804.0,153.19339641219187,True,16546.674157303372,2534841.2134831464,0.0
BRONX,BETHUNE GARDENS,777984.0,153.19339641219187,True,16546.674157303372,2534841.2134831464,0.0
BRONX,BLAND,2770349.0,153.19339641219187,True,16546.674157303372,2534841.2134831464,235507.7865168536
BRONX,BORINQUEN PLAZA I,6521075.0,153.19339641219187,True,16546.674157303372,2534841.2134831464,3986233.7865168536
BRONX,BORINQUEN PLAZA II,484218.0,153.19339641219187,True,16546.674157303372,2534841.2134831464,0.0
BRONX,BOULEVARD,2115040.0,153.19339641219187,True,16546.674157303372,2534841.2134831464,0.0
BRONX,BREUKELEN,503400.0,153.19339641219187,True,16546.674157303372,2534841.2134831464,0.0
BRONX,BROWNSVILLE,4064160.0,153.19339641219187,True,16546.674157303372,2534841.2134831464,1529318.7865168536
BRONX,BUSHWICK II - GROUPS B & D,22301.0,153.19339641219187,True,16546.674157303372,2534841.2134831464,0.0
BRONX,CARVER,1208880.0,153.19339641219187,True,16546.674157303372,2534841.2134831464,0.0
BRONX,CASSIDY-LAFAYETTE,1499252.0,153.19339641219187,True,16546.674157303372,2534841.2134831464,0.0
BRONX,CASTLE HILL,3386957.0,153.19339641219187,True,16546.674157303372,2534841.2134831464,852115.7865168536
BRONX,CLAREMONT REHAB (GROUP 5),209389.0,153.19339641219187,True,16546.674157303372,2534841.2134831464,0.0
BRONX,CLASON POINT GARDENS,2282348.0,153.19339641219187,True,16546.674157303372,2534841.2134831464,0.0
BRONX,CLINTON,5685009.0,153.19339641219187,True,16546.674157303372,2534841.2134831464,3150167.7865168536
BRONX,COLLEGE AVENUE-EAST 165TH STREET,275681.0,153.19339641219187,True,16546.674157303372,2534841.2134831464,0.0
BRONX,CONEY ISLAND,2394944.0,153.19339641219187,True,16546.674157303372,2534841.2134831464,0.0
BRONX,CONEY ISLAND I (SITE 1B),1596924.0,153.19339641219187,True,16546.674157303372,2534841.2134831464,0.0
BRONX,CONEY ISLAND I (SITE 4 & 5),3295492.0,153.19339641219187,True,16546.674157303372,2534841.2134831464,760650.7865168536
BRONX,CONEY ISLAND I (SITE 8),1359600.0,153.19339641219187,True,16546.674157303372,2534841.2134831464,0.0
BRONX,CONLON LIHFE TOWER,746566.0,153.19339641219187,True,16546.674157303372,2534841.2134831464,0.0
BRONX,COOPER PARK,4256052.0,153.19339641219187,True,16546.674157303372,2534841.2134831464,1721210.7865168536
BRONX,CORSI HOUSES,653304.0,153.19339641219187,True,16546.674157303372,2534841.2134831464,0.0
BRONX,CROWN HEIGHTS,282990.0,153.19339641219187,True,16546.674157303372,2534841.2134831464,0.0
BRONX,CYPRESS HILLS,1028627.0,153.19339641219187,True,16546.674157303372,2534841.2134831464,0.0
BRONX,DYCKMAN,632480.0,153.19339641219187,True,16546.674157303372,2534841.2134831464,0.0
BRONX,EASTCHESTER GARDENS,4400809.0,153.19339641219187,True,16546.674157303372,2534841.2134831464,1865967.7865168536
BRONX,EDENWALD,6822238.0,153.19339641219187,True,16546.674157303372,2534841.2134831464,4287396.786516854
BRONX,ELLIOTT,3448553.0,153.19339641219187,True,16546.674157303372,2534841.2134831464,913711.7865168536
BRONX,FARRAGUT,8349819.0,153.19339641219187,True,16546.674157303372,2534841.2134831464,5814977.786516854
BRONX,FENIMORE-LEFFERTS,45019.0,153.19339641219187,True,16546.674157303372,2534841.2134831464,0.0
BRONX,FHA REPOSSESSED HOUSES (GROUP III),258.0,153.19339641219187,True,16546.674157303372,2534841.2134831464,0.0
BRONX,FHA REPOSSESSED HOUSES (GROUP IX),16177.0,153.19339641219187,True,16546.674157303372,2534841.2134831464,0.0
BRONX,FHA REPOSSESSED HOUSES (GROUP V),8205.0,153.19339641219187,True,16546.674157303372,2534841.2134831464,0.0
BRONX,FHA REPOSSESSED HOUSES (GROUP VI),1477.0,153.19339641219187,True,16546.674157303372,2534841.2134831464,0.0
BRONX,FIORENTINO PLAZA,873814.0,153.19339641219187,True,16546.674157303372,2534841.2134831464,0.0
BRONX,FIRST HOUSES,173160.0,153.19339641219187,True,16546.674157303372,2534841.2134831464,0.0
BRONX,GLENWOOD,4048808.0,153.19339641219187,True,16546.674157303372,2534841.2134831464,1513966.7865168536
BRONX,GOMPERS,3249938.0,153.19339641219187,True,16546.674157303372,2534841.2134831464,715096.7865168536
BRONX,GOWANUS,2244160.0,153.19339641219187,True,16546.674157303372,2534841.2134831464,0.0
BRONX,GRANT,1387400.0,153.19339641219187,True,16546.674157303372,2534841.2134831464,0.0
BRONX,HOWARD,3162942.0,153.19339641219187,True,16546.674157303372,2534841.2134831464,628100.7865168536
BRONX,INGERSOLL,6681720.0,153.19339641219187,True,16546.674157303372,2534841.2134831464,4146878.7865168536
BRONX,JEFFERSON,1540931.0,153.19339641219187,True,16546.674157303372,2534841.2134831464,0.0
BRONX,KINGSBOROUGH,785680.0,153.19339641219187,True,16546.674157303372,2534841.2134831464,0.0
BRONX,MARLBORO,1763851.0,153.19339641219187,True,16546.674157303372,2534841.2134831464,0.0
BRONX,MARSHALL PLAZA,349299.0,153.19339641219187,True,16546.674157303372,2534841.2134831464,0.0
BRONX,MCKINLEY,4592320.0,153.19339641219187,True,16546.674157303372,2534841.2134831464,2057478.7865168536
BRONX,MELROSE,2859898.0,153.19339641219187,True,16546.674157303372,2534841.2134831464,325056.7865168536
BRONX,NOSTRAND,4786642.0,153.19339641219187,True,16546.674157303372,2534841.2134831464,2251800.7865168536
BRONX,OCEAN BAY APARTMENTS (OCEANSIDE),2618080.0,153.19339641219187,True,16546.674157303372,2534841.2134831464,83238.78651685361
BRONX,OCEAN HILL APARTMENTS,1860800.0,153.19339641219187,True,16546.674157303372,2534841.2134831464,0.0
BRONX,OCEAN HILL-BROWNSVILLE,229977.0,153.19339641219187,True,16546.674157303372,2534841.2134831464,0.0
BRONX,ODWYER GARDENS,2820900.0,153.19339641219187,True,16546.674157303372,2534841.2134831464,286058.7865168536
BRONX,PALMETTO GARDENS,402563.0,153.19339641219187,True,16546.674157303372,2534841.2134831464,0.0
BRONX,"PARK AVENUE-EAST 122ND, 123RD STREETS",646914.0,153.19339641219187,True,16546.674157303372,2534841.2134831464,0.0
BRONX,PARK ROCK REHAB,237148.0,153.19339641219187,True,16546.674157303372,2534841.2134831464,0.0
BRONX,PARKSIDE,5803804.0,153.19339641219187,True,16546.674157303372,2534841.2134831464,3268962.7865168536
BRONX,PATTERSON,6492467.0,153.19339641219187,True,16546.674157303372,2534841.2134831464,3957625.7865168536
BRONX,POMONOK,10681671.0,153.19339641219187,True,16546.674157303372,2534841.2134831464,8146829.786516854
BRONX,PUBLIC SCHOOL 139 (CONVERSION),364181.0,153.19339641219187,True,16546.674157303372,2534841.2134831464,0.0
BRONX,QUEENSBRIDGE NORTH,8505522.0,153.19339641219187,True,16546.674157303372,2534841.2134831464,5970680.786516854
BRONX,QUEENSBRIDGE SOUTH,3438265.0,153.19339641219187,True,16546.674157303372,2534841.2134831464,903423.7865168536
BRONX,RIIS,398480.0,153.19339641219187,True,16546.674157303372,2534841.2134831464,0.0
BRONX,SOTOMAYOR HOUSES,3624800.0,153.19339641219187,True,16546.674157303372,2534841.2134831464,1089958.7865168536
BRONX,SOUTH JAMAICA II,1652254.0,153.19339641219187,True,16546.674157303372,2534841.2134831464,0.0
BRONX,SUTTER AVENUE-UNION STREET,207724.0,153.19339641219187,True,16546.674157303372,2534841.2134831464,0.0
BRONX,TAFT,10260916.0,153.19339641219187,True,16546.674157303372,2534841.2134831464,7726074.786516854
BRONX,TAPSCOTT STREET,219347.0,153.19339641219187,True,16546.674157303372,2534841.2134831464,0.0
BRONX,TAPSCOTT STREET REHAB,240959.0,153.19339641219187,True,16546.674157303372,2534841.2134831464,0.0
BRONX,TAYLOR STREET-WYTHE AVENUE,4260710.0,153.19339641219187,True,16546.674157303372,2534841.2134831464,1725868.7865168536
BRONX,TELLER AVENUE-EAST 166TH STREET,613889.0,153.19339641219187,True,16546.674157303372,2534841.2134831464,0.0
BRONX,THOMAS APARTMENTS,248396.0,153.19339641219187,True,16546.674157303372,2534841.2134831464,0.0
BRONX,THROGGS NECK,8621411.0,153.19339641219187,True,16546.674157303372,2534841.2134831464,6086569.786516854
BRONX,THROGGS NECK ADDITION,915792.0,153.19339641219187,True,16546.674157303372,2534841.2134831464,0.0
BRONX,TILDEN,5234067.0,153.19339641219187,True,16546.674157303372,2534841.2134831464,2699225.7865168536
BRONX,VAN DYKE I,834465.0,153.19339641219187,True,16546.674157303372,2534841.2134831464,0.0
BRONX,VLADECK,283044.0,153.19339641219187,True,16546.674157303372,2534841.2134831464,0.0
BRONX,VLADECK II,916143.0,153.19339641219187,True,16546.674157303372,2534841.2134831464,0.0
BRONX,WAGNER,14514984.0,153.19339641219187,True,16546.674157303372,2534841.2134831464,11980142.786516853
BRONX,WALD,2198960.0,153.19339641219187,True,16546.674157303372,2534841.2134831464,0.0
BRONX,WARREN STREET,1053462.0,153.19339641219187,True,16546.674157303372,2534841.2134831464,0.0
BRONX,WASHINGTON,4644045.0,153.19339641219187,True,16546.674157303372,2534841.2134831464,2109203.7865168536
BROOKLYN,ALBANY,4715275.0,178.9351063341072,True,14628.017142857143,2617465.8029142856,2097809.1970857144
BROOKLYN,ALBANY II,795818.0,178.9351063341072,True,14628.017142857143,2617465.8029142856,0.0
BROOKLYN,ALLEN STREET,855860.0,178.9351063341072,True,14628.017142857143,2617465.8029142856,0.0
BROOKLYN,ARMSTRONG I,1924783.0,178.9351063341072,True,14628.017142857143,2617465.8029142856,0.0
BROOKLYN,ARMSTRONG II,2302652.0,178.9351063341072,True,14628.017142857143,2617465.8029142856,0.0
BROOKLYN,ASTORIA,1252666.0,178.9351063341072,True,14628.017142857143,2617465.8029142856,0.0
BROOKLYN,BARUCH,1208280.0,178.9351063341072,True,14628.017142857143,2617465.8029142856,0.0
BROOKLYN,BAY VIEW,2406929.0,178.9351063341072,True,14628.017142857143,2617465.8029142856,0.0
BROOKLYN,BAYCHESTER,3293869.0,178.9351063341072,True,14628.017142857143,2617465.8029142856,676403.1970857144
BROOKLYN,BEACH 41ST STREET-BEACH CHANNEL DRIVE,4681280.0,178.9351063341072,True,14628.017142857143,2617465.8029142856,2063814.1970857144
BROOKLYN,BEDFORD-STUYVESANT REHAB,117094.0,178.9351063341072,True,14628.017142857143,2617465.8029142856,0.0
BROOKLYN,BELMONT-SUTTER AREA,152159.0,178.9351063341072,True,14628.017142857143,2617465.8029142856,0.0
BROOKLYN,BERRY,761708.0,178.9351063341072,True,14628.017142857143,2617465.8029142856,0.0
BROOKLYN,BETANCES I,95236.0,178.9351063341072,True,14628.017142857143,2617465.8029142856,0.0
BROOKLYN,BETANCES II,1545205.0,178.9351063341072,True,14628.017142857143,2617465.8029142856,0.0
BROOKLYN,BETANCES III,543040.0,178.9351063341072,True,14628.017142857143,2617465.8029142856,0.0
BROOKLYN,BETANCES IV,1209797.0,178.9351063341072,True,14628.017142857143,2617465.8029142856,0.0
BROOKLYN,BETANCES V,161510.0,178.9351063341072,True,14628.017142857143,2617465.8029142856,0.0
BROOKLYN,BOULEVARD,4944020.0,178.9351063341072,True,14628.017142857143,2617465.8029142856,2326554.1970857144
BROOKLYN,BOYNTON AVENUE REHAB,141624.0,178.9351063341072,True,14628.017142857143,2617465.8029142856,0.0
BROOKLYN,BRACETTI PLAZA,942643.0,178.9351063341072,True,14628.017142857143,2617465.8029142856,0.0
BROOKLYN,BREUKELEN,9379299.0,178.9351063341072,True,14628.017142857143,2617465.8029142856,6761833.197085714
BROOKLYN,BREVOORT,6170853.0,178.9351063341072,True,14628.017142857143,2617465.8029142856,3553387.1970857144
BROOKLYN,BRONX RIVER,8528129.0,178.9351063341072,True,14628.017142857143,2617465.8029142856,5910663.197085714
BROOKLYN,BRONX RIVER ADDITION,637767.0,178.9351063341072,True,14628.017142857143,2617465.8029142856,0.0
BROOKLYN,BRONXCHESTER,367912.0,178.9351063341072,True,14628.017142857143,2617465.8029142856,0.0
BROOKLYN,BROWN,445017.0,178.9351063341072,True,14628.017142857143,2617465.8029142856,0.0
BROOKLYN,BROWNSVILLE,4185174.0,178.9351063341072,True,14628.017142857143,2617465.8029142856,1567708.1970857144
BROOKLYN,BRYANT AVENUE-EAST 174TH STREET,513560.0,178.9351063341072,True,14628.017142857143,2617465.8029142856,0.0
BROOKLYN,BUSHWICK,8605472.0,178.9351063341072,True,14628.017142857143,2617465.8029142856,5988006.197085714
BROOKLYN,BUSHWICK II (GROUPS A & C),522374.0,178.9351063341072,True,14628.017142857143,2617465.8029142856,0.0
BROOKLYN,BUSHWICK II - GROUPS B & D,638612.0,178.9351063341072,True,14628.017142857143,2617465.8029142856,0.0
BROOKLYN,BUSHWICK II CDA (GROUP E),362981.0,178.9351063341072,True,14628.017142857143,2617465.8029142856,0.0
BROOKLYN,BUTLER,11069618.0,178.9351063341072,True,14628.017142857143,2617465.8029142856,8452152.197085714
BROOKLYN,CAMPOS PLAZA I,388313.0,178.9351063341072,True,14628.017142857143,2617465.8029142856,0.0
BROOKLYN,CAMPOS PLAZA II,601634.0,178.9351063341072,True,14628.017142857143,2617465.8029142856,0.0
BROOKLYN,CAREY GARDENS,5178867.0,178.9351063341072,True,14628.017142857143,2617465.8029142856,2561401.1970857144
BROOKLYN,CARLETON MANOR,993000.0,178.9351063341072,True,14628.017142857143,2617465.8029142856,0.0
BROOKLYN,CARVER,6869683.0,178.9351063341072,True,14628.017142857143,2617465.8029142856,4252217.197085714
BROOKLYN,CASTLE HILL,3490313.0,178.9351063341072,True,14628.017142857143,2617465.8029142856,872847.1970857144
BROOKLYN,CYPRESS HILLS,5915360.0,178.9351063341072,True,14628.017142857143,2617465.8029142856,3297894.1970857144
BROOKLYN,DAVIDSON,1429811.0,178.9351063341072,True,14628.017142857143,2617465.8029142856,0.0
BROOKLYN,DE HOSTOS APARTMENTS,1477673.0,178.9351063341072,True,14628.017142857143,2617465.8029142856,0.0
BROOKLYN,DOUGLASS ADDITION,1109767.0,178.9351063341072,True,14628.017142857143,2617465.8029142856,0.0
BROOKLYN,DOUGLASS I,7747440.0,178.9351063341072,True,14628.017142857143,2617465.8029142856,5129974.197085714
BROOKLYN,DOUGLASS II,4789401.0,178.9351063341072,True,14628.017142857143,2617465.8029142856,2171935.1970857144
BROOKLYN,DREW-HAMILTON,7798700.0,178.9351063341072,True,14628.017142857143,2617465.8029142856,5181234.197085714
BROOKLYN,DYCKMAN,4508973.0,178.9351063341072,True,14628.017142857143,2617465.8029142856,1891507.1970857144
BROOKLYN,EDENWALD,997097.0,178.9351063341072,True,14628.017142857143,2617465.8029142856,0.0
BROOKLYN,FOREST,7691932.0,178.9351063341072,True,14628.017142857143,2617465.8029142856,5074466.197085714
BROOKLYN,FORT INDEPENDENCE STREET-HEATH AVENUE,2646248.0,178.9351063341072,True,14628.017142857143,2617465.8029142856,28782.197085714433
BROOKLYN,FORT WASHINGTON AVENUE REHAB,961437.0,178.9351063341072,True,14628.017142857143,2617465.8029142856,0.0
BROOKLYN,FRANKLIN AVENUE I CONVENTIONAL,55940.0,178.9351063341072,True,14628.017142857143,2617465.8029142856,0.0
BROOKLYN,FRANKLIN AVENUE II CONVENTIONAL,39702.0,178.9351063341072,True,14628.017142857143,2617465.8029142856,0.0
BROOKLYN,FRANKLIN AVENUE III CONVENTIONAL,12406.0,178.9351063341072,True,14628.017142857143,2617465.8029142856,0.0
BROOKLYN,FULTON,2491580.0,178.9351063341072,True,14628.017142857143,2617465.8029142856,0.0
BROOKLYN,GLENMORE PLAZA,1392979.0,178.9351063341072,True,14628.017142857143,2617465.8029142856,0.0
BROOKLYN,GLENWOOD,1116370.0,178.9351063341072,True,14628.017142857143,2617465.8029142856,0.0
BROOKLYN,GRANT,7305708.0,178.9351063341072,True,14628.017142857143,2617465.8029142856,4688242.197085714
BROOKLYN,GRAVESEND,3814968.0,178.9351063341072,True,14628.017142857143,2617465.8029142856,1197502.1970857144
BROOKLYN,GUN HILL,3515712.0,178.9351063341072,True,14628.017142857143,2617465.8029142856,898246.1970857144
BROOKLYN,HABER,817675.0,178.9351063341072,True,14628.017142857143,2617465.8029142856,0.0
BROOKLYN,HAMMEL,5831040.0,178.9351063341072,True,14628.017142857143,2617465.8029142856,3213574.1970857144
BROOKLYN,HARBORVIEW TERRACE,2289813.0,178.9351063341072,True,14628.017142857143,2617465.8029142856,0.0
BROOKLYN,HARLEM RIVER,1179040.0,178.9351063341072,True,14628.017142857143,2617465.8029142856,0.0
BROOKLYN,HARRISON AVENUE REHAB (GROUP B),69100.0,178.9351063341072,True,14628.017142857143,2617465.8029142856,0.0
BROOKLYN,HERNANDEZ,911553.0,178.9351063341072,True,14628.017142857143,2617465.8029142856,0.0
BROOKLYN,HIGHBRIDGE GARDENS,4599755.0,178.9351063341072,True,14628.017142857143,2617465.8029142856,1982289.1970857144
BROOKLYN,HIGHBRIDGE REHABS (ANDERSON AVENUE),151241.0,178.9351063341072,True,14628.017142857143,2617465.8029142856,0.0
BROOKLYN,HIGHBRIDGE REHABS (NELSON AVENUE),114902.0,178.9351063341072,True,14628.017142857143,2617465.8029142856,0.0
BROOKLYN,HOE AVENUE-EAST 173RD STREET,414566.0,178.9351063341072,True,14628.017142857143,2617465.8029142856,0.0
BROOKLYN,HOLMES TOWERS,2986776.0,178.9351063341072,True,14628.017142857143,2617465.8029142856,369310.19708571443
BROOKLYN,HOPE GARDENS,776391.0,178.9351063341072,True,14628.017142857143,2617465.8029142856,0.0
BROOKLYN,HOWARD,1597809.0,178.9351063341072,True,14628.017142857143,2617465.8029142856,0.0
BROOKLYN,INTERNATIONAL TOWER,341978.0,178.9351063341072,True,14628.017142857143,2617465.8029142856,0.0
BROOKLYN,ISAACS,4207089.0,178.9351063341072,True,14628.017142857143,2617465.8029142856,1589623.1970857144
BROOKLYN,JACKSON,2495142.0,178.9351063341072,True,14628.017142857143,2617465.8029142856,0.0
BROOKLYN,JEFFERSON,8646880.0,178.9351063341072,True,14628.017142857143,2617465.8029142856,6029414.197085714
BROOKLYN,JOHNSON,9481651.0,178.9351063341072,True,14628.017142857143,2617465.8029142856,6864185.197085714
BROOKLYN,KING TOWERS,8115017.0,178.9351063341072,True,14628.017142857143,2617465.8029142856,5497551.197085714
BROOKLYN,KINGSBOROUGH,436542.0,178.9351063341072,True,14628.017142857143,2617465.8029142856,0.0
BROOKLYN,LINDEN,8011552.0,178.9351063341072,True,14628.017142857143,2617465.8029142856,5394086.197085714
BROOKLYN,LONG ISLAND BAPTIST HOUSES,310263.0,178.9351063341072,True,14628.017142857143,2617465.8029142856,0.0
BROOKLYN,LOWER EAST SIDE REHAB (GROUP 5),105901.0,178.9351063341072,True,14628.017142857143,2617465.8029142856,0.0
BROOKLYN,MANHATTANVILLE,3375996.0,178.9351063341072,True,14628.017142857143,2617465.8029142856,758530.1970857144
BROOKLYN,MARBLE HILL,1437199.0,178.9351063341072,True,14628.017142857143,2617465.8029142856,0.0
BROOKLYN,MARCY,7056823.0,178.9351063341072,True,14628.017142857143,2617465.8029142856,4439357.197085714
BROOKLYN,MARCY AVENUE-GREENE AVENUE SITE A,99424.0,178.9351063341072,True,14628.017142857143,2617465.8029142856,0.0
BROOKLYN,MARCY AVENUE-GREENE AVENUE SITE B,169048.0,178.9351063341072,True,14628.017142857143,2617465.8029142856,0.0
BROOKLYN,MARINER'S HARBOR,4770730.0,178.9351063341072,True,14628.017142857143,2617465.8029142856,2153264.1970857144
BROOKLYN,MARLBORO,1705120.0,178.9351063341072,True,14628.017142857143,2617465.8029142856,0.0
BROOKLYN,MELROSE,3893693.0,178.9351063341072,True,14628.017142857143,2617465.8029142856,1276227.1970857144
BROOKLYN,MELTZER TOWER,801636.0,178.9351063341072,True,14628.017142857143,2617465.8029142856,0.0
BROOKLYN,METRO NORTH PLAZA,1973956.0,178.9351063341072,True,14628.017142857143,2617465.8029142856,0.0
BROOKLYN,MIDDLETOWN PLAZA,714923.0,178.9351063341072,True,14628.017142857143,2617465.8029142856,0.0
BROOKLYN,MILBANK-FRAWLEY,182947.0,178.9351063341072,True,14628.017142857143,2617465.8029142856,0.0
BROOKLYN,MILL BROOK,8166824.0,178.9351063341072,True,14628.017142857143,2617465.8029142856,5549358.197085714
BROOKLYN,MILL BROOK EXTENSION,844007.0,178.9351063341072,True,14628.017142857143,2617465.8029142856,0.0
BROOKLYN,MITCHEL,11892748.0,178.9351063341072,True,14628.017142857143,2617465.8029142856,9275282.197085714
BROOKLYN,MONROE,8712142.0,178.9351063341072,True,14628.017142857143,2617465.8029142856,6094676.197085714
BROOKLYN,MOORE,3516405.0,178.9351063341072,True,14628.017142857143,2617465.8029142856,898939.1970857144
BROOKLYN,MORRIS I,9699981.0,178.9351063341072,True,14628.017142857143,2617465.8029142856,7082515.197085714
BROOKLYN,MORRIS II,954012.0,178.9351063341072,True,14628.017142857143,2617465.8029142856,0.0
BROOKLYN,MORRIS PARK SENIOR CITIZENS HOME,128837.0,178.9351063341072,True,14628.017142857143,2617465.8029142856,0.0
BROOKLYN,MORRISANIA AIR RIGHTS,11088431.0,178.9351063341072,True,14628.017142857143,2617465.8029142856,8470965.197085714
BROOKLYN,MOTT HAVEN,7825402.0,178.9351063341072,True,14628.017142857143,2617465.8029142856,5207936.197085714
BROOKLYN,MURPHY,1859069.0,178.9351063341072,True,14628.017142857143,2617465.8029142856,0.0
BROOKLYN,"NDF - BRONX OFFICE, 1200 WATERS PLACE",576048.0,178.9351063341072,True,14628.017142857143,2617465.8029142856,0.0
BROOKLYN,"NDF - CENTRAL MAINTENANCE SHOP, 23 ASH ST",352370.0,178.9351063341072,True,14628.017142857143,2617465.8029142856,0.0
BROOKLYN,"NDF - CENTRAL OFFICE, 250 BROADWAY",4440436.0,178.9351063341072,True,14628.017142857143,2617465.8029142856,1822970.1970857144
BROOKLYN,"NDF - CENTRAL OFFICE, 90 CHURCH ST",5725016.0,178.9351063341072,True,14628.017142857143,2617465.8029142856,3107550.1970857144
BROOKLYN,"NDF - LEASED HOUSING, 460 E FORDHAM RD",993744.0,178.9351063341072,True,14628.017142857143,2617465.8029142856,0.0
BROOKLYN,"NDF - LI CITY OFFICE, 23-02 49 AVE",5290208.0,178.9351063341072,True,14628.017142857143,2617465.8029142856,2672742.1970857144
BROOKLYN,"NDF - PSA 1, 2860 WEST 23 ST",540543.0,178.9351063341072,True,14628.017142857143,2617465.8029142856,0.0
BROOKLYN,"NDF - PSA 2, 560 SUTTER AVE",296831.0,178.9351063341072,True,14628.017142857143,2617465.8029142856,0.0
BROOKLYN,"NDF - PSA 3, 25 CENTRAL AVE",651797.0,178.9351063341072,True,14628.017142857143,2617465.8029142856,0.0
BROOKLYN,"NDF - PSA 4, 130 AVENUE C",1148451.0,178.9351063341072,True,14628.017142857143,2617465.8029142856,0.0
BROOKLYN,"NDF - PSA 5, 221 EAST 123 ST",669518.0,178.9351063341072,True,14628.017142857143,2617465.8029142856,0.0
BROOKLYN,"NDF - PSA 6, 2770 F DOUGLASS BLVD",1712978.0,178.9351063341072,True,14628.017142857143,2617465.8029142856,0.0
BROOKLYN,"NDF - PSA 7, 737 MELROSE AVE",921721.0,178.9351063341072,True,14628.017142857143,2617465.8029142856,0.0
BROOKLYN,"NDF - PSA 9 SATELLITE, 21-09 35TH AVE",106019.0,178.9351063341072,True,14628.017142857143,2617465.8029142856,0.0
BROOKLYN,NEW LANE AREA,552031.0,178.9351063341072,True,14628.017142857143,2617465.8029142856,0.0
BROOKLYN,NOSTRAND,498880.0,178.9351063341072,True,14628.017142857143,2617465.8029142856,0.0
BROOKLYN,PELHAM PARKWAY,3339663.0,178.9351063341072,True,14628.017142857143,2617465.8029142856,722197.1970857144
BROOKLYN,PENNSYLVANIA AVENUE-WORTMAN AVENUE,2130579.0,178.9351063341072,True,14628.017142857143,2617465.8029142856,0.0
BROOKLYN,PINK,7787197.0,178.9351063341072,True,14628.017142857143,2617465.8029142856,5169731.197085714
BROOKLYN,POLO GROUNDS TOWERS,9558047.0,178.9351063341072,True,14628.017142857143,2617465.8029142856,6940581.197085714
BROOKLYN,POMONOK,824535.0,178.9351063341072,True,14628.017142857143,2617465.8029142856,0.0
BROOKLYN,QUEENSBRIDGE SOUTH,4567040.0,178.9351063341072,True,14628.017142857143,2617465.8029142856,1949574.1970857144
BROOKLYN,RALPH AVENUE REHAB,203758.0,178.9351063341072,True,14628.017142857143,2617465.8029142856,0.0
BROOKLYN,RANDALL AVENUE-BALCOM AVENUE,1730631.0,178.9351063341072,True,14628.017142857143,2617465.8029142856,0.0
BROOKLYN,RANGEL,4565135.0,178.9351063341072,True,14628.017142857143,2617465.8029142856,1947669.1970857144
BROOKLYN,RIIS,684520.0,178.9351063341072,True,14628.017142857143,2617465.8029142856,0.0
BROOKLYN,SAINT NICHOLAS AVENUE,619129.0,178.9351063341072,True,14628.017142857143,2617465.8029142856,0.0
BROOKLYN,SAMUEL (CITY),1701279.0,178.9351063341072,True,14628.017142857143,2617465.8029142856,0.0
BROOKLYN,SAMUEL (MHOP) I,127892.0,178.9351063341072,True,14628.017142857143,2617465.8029142856,0.0
BROOKLYN,SAMUEL (MHOP) II,26901.0,178.9351063341072,True,14628.017142857143,2617465.8029142856,0.0
BROOKLYN,SAMUEL (MHOP) III,11378.0,178.9351063341072,True,14628.017142857143,2617465.8029142856,0.0
BROOKLYN,SARATOGA SQUARE,380675.0,178.9351063341072,True,14628.017142857143,2617465.8029142856,0.0
BROOKLYN,SARATOGA VILLAGE,864266.0,178.9351063341072,True,14628.017142857143,2617465.8029142856,0.0
BROOKLYN,SEDGWICK,4797243.0,178.9351063341072,True,14628.017142857143,2617465.8029142856,2179777.1970857144
BROOKLYN,SEWARD PARK EXTENSION,2214163.0,178.9351063341072,True,14628.017142857143,2617465.8029142856,0.0
BROOKLYN,SHEEPSHEAD BAY,401280.0,178.9351063341072,True,14628.017142857143,2617465.8029142856,0.0
BROOKLYN,SMITH,4747688.0,178.9351063341072,True,14628.017142857143,2617465.8029142856,2130222.1970857144
BROOKLYN,SOUTH JAMAICA I,160961.0,178.9351063341072,True,14628.017142857143,2617465.8029142856,0.0
BROOKLYN,SOUTH JAMAICA II,2078978.0,178.9351063341072,True,14628.017142857143,2617465.8029142856,0.0
BROOKLYN,STANTON STREET,93670.0,178.9351063341072,True,14628.017142857143,2617465.8029142856,0.0
BROOKLYN,STAPLETON,6435538.0,178.9351063341072,True,14628.017142857143,2617465.8029142856,3818072.1970857144
BROOKLYN,STEBBINS AVENUE-HEWITT PLACE,321428.0,178.9351063341072,True,14628.017142857143,2617465.8029142856,0.0
BROOKLYN,STERLING PLACE REHABS (SAINT JOHNS-STERLING),172855.0,178.9351063341072,True,14628.017142857143,2617465.8029142856,0.0
BROOKLYN,STERLING PLACE REHABS (STERLING-BUFFALO),216710.0,178.9351063341072,True,14628.017142857143,2617465.8029142856,0.0
BROOKLYN,STRAUS,1662852.0,178.9351063341072,True,14628.017142857143,2617465.8029142856,0.0
BROOKLYN,STUYVESANT GARDENS I,2776916.0,178.9351063341072,True,14628.017142857143,2617465.8029142856,159450.19708571443
BROOKLYN,STUYVESANT GARDENS II,367655.0,178.9351063341072,True,14628.017142857143,2617465.8029142856,0.0
BROOKLYN,SUMNER,558000.0,178.9351063341072,True,14628.017142857143,2617465.8029142856,0.0
BROOKLYN,VAN DYKE I,8103826.15,178.9351063341072,True,14628.017142857143,2617465.8029142856,5486360.347085714
BROOKLYN,VAN DYKE II,482569.36,178.9351063341072,True,14628.017142857143,2617465.8029142856,0.0
BROOKLYN,VANDALIA AVENUE,792933.0,178.9351063341072,True,14628.017142857143,2617465.8029142856,0.0
BROOKLYN,VERNON AVENUE,1578254.0,178.9351063341072,True,14628.017142857143,2617465.8029142856,0.0
BROOKLYN,VLADECK,5620524.0,178.9351063341072,True,14628.017142857143,2617465.8029142856,3003058.1970857144
BROOKLYN,WALD,1521040.0,178.9351063341072,True,14628.017142857143,2617465.8029142856,0.0
BROOKLYN,WASHINGTON,2411560.0,178.9351063341072,True,14628.017142857143,2617465.8029142856,0.0
BROOKLYN,WEBSTER,1849278.0,178.9351063341072,True,14628.017142857143,2617465.8029142856,0.0
BROOKLYN,WEEKSVILLE GARDENS,1858171.0,178.9351063341072,True,14628.017142857143,2617465.8029142856,0.0
BROOKLYN,WEST 84TH STREET,163227.0,178.9351063341072,True,14628.017142857143,2617465.8029142856,0.0
BROOKLYN,WEST BRIGHTON I,4202270.0,178.9351063341072,True,14628.017142857143,2617465.8029142856,1584804.1970857144
BROOKLYN,WEST FARMS ROAD REHAB,353855.0,178.9351063341072,True,14628.017142857143,2617465.8029142856,0.0
BROOKLYN,WEST FARMS SQUARE CONVENTIONAL,39372.0,178.9351063341072,True,14628.017142857143,2617465.8029142856,0.0
BROOKLYN,WEST SIDE URBAN RENEWAL (BROWNSTONES),1042203.0,178.9351063341072,True,14628.017142857143,2617465.8029142856,0.0
BROOKLYN,WEST SIDE URBAN RENEWAL (SITE A),493345.0,178.9351063341072,True,14628.017142857143,2617465.8029142856,0.0
BROOKLYN,WEST SIDE URBAN RENEWAL (SITE B),1109156.0,178.9351063341072,True,14628.017142857143,2617465.8029142856,0.0
BROOKLYN,WEST SIDE URBAN RENEWAL (SITE C),1037278.0,178.9351063341072,True,14628.017142857143,2617465.8029142856,0.0
BROOKLYN,WEST TREMONT AVENUE-SEDGWICK AVENUE AREA,695103.0,178.9351063341072,True,14628.017142857143,2617465.8029142856,0.0
BROOKLYN,WHITE,1108547.0,178.9351063341072,True,14628.017142857143,2617465.8029142856,0.0
BROOKLYN,WHITMAN,8408592.0,178.9351063341072,True,14628.017142857143,2617465.8029142856,5791126.197085714
MANHATTAN,AMSTERDAM,7689710.0,147.86233181433604,True,14162.660869565218,2094124.0608695652,5595585.939130435
MANHATTAN,AMSTERDAM ADDITION,1370511.0,147.86233181433604,True,14162.660869565218,2094124.0608695652,0.0
MANHATTAN,AMSTERDAM AVENUE,1269523.0,147.86233181433604,True,14162.660869565218,2094124.0608695652,0.0
MANHATTAN,ARMSTRONG I,912411.0,147.86233181433604,True,14162.660869565218,2094124.0608695652,0.0
MANHATTAN,BARUCH,12373007.0,147.86233181433604,True,14162.660869565218,2094124.0608695652,10278882.939130435
MANHATTAN,BARUCH HOUSES ADDITION,733644.0,147.86233181433604,True,14162.660869565218,2094124.0608695652,0.0
MANHATTAN,BAY VIEW,247886.0,147.86233181433604,True,14162.660869565218,2094124.0608695652,0.0
MANHATTAN,BORINQUEN PLAZA II,1381447.0,147.86233181433604,True,14162.660869565218,2094124.0608695652,0.0
MANHATTAN,BREUKELEN,287840.0,147.86233181433604,True,14162.660869565218,2094124.0608695652,0.0
MANHATTAN,CASTLE HILL,7445600.0,147.86233181433604,True,14162.660869565218,2094124.0608695652,5351475.939130435
MANHATTAN,CHELSEA,2948331.0,147.86233181433604,True,14162.660869565218,2094124.0608695652,854206.9391304348
MANHATTAN,CHELSEA ADDITION,645284.0,147.86233181433604,True,14162.660869565218,2094124.0608695652,0.0
MANHATTAN,CLAREMONT PARKWAY-FRANKLIN AVENUE,423412.0,147.86233181433604,True,14162.660869565218,2094124.0608695652,0.0
MANHATTAN,CLAREMONT REHAB (GROUP 2),243907.0,147.86233181433604,True,14162.660869565218,2094124.0608695652,0.0
MANHATTAN,CLAREMONT REHAB (GROUP 3),229871.0,147.86233181433604,True,14162.660869565218,2094124.0608695652,0.0
MANHATTAN,CLAREMONT REHAB (GROUP 4),282809.0,147.86233181433604,True,14162.660869565218,2094124.0608695652,0.0
MANHATTAN,COLLEGE AVENUE-EAST 165TH STREET,118000.0,147.86233181433604,True,14162.660869565218,2094124.0608695652,0.0
MANHATTAN,CONEY ISLAND,1003400.0,147.86233181433604,True,14162.660869565218,2094124.0608695652,0.0
MANHATTAN,CYPRESS HILLS,890687.0,147.86233181433604,True,14162.660869565218,2094124.0608695652,0.0
MANHATTAN,DOUGLASS I,174480.0,147.86233181433604,True,14162.660869565218,2094124.0608695652,0.0
MANHATTAN,DYCKMAN,1711400.0,147.86233181433604,True,14162.660869565218,2094124.0608695652,0.0
MANHATTAN,EAGLE AVENUE-EAST 163RD STREET,455180.0,147.86233181433604,True,14162.660869565218,2094124.0608695652,0.0
MANHATTAN,EAST 004TH STREET REHAB,66670.0,147.86233181433604,True,14162.660869565218,2094124.0608695652,0.0
MANHATTAN,EAST 028TH STREET,1194982.0,147.86233181433604,True,14162.660869565218,2094124.0608695652,0.0
MANHATTAN,EAST 111TH STREET,350320.0,147.86233181433604,True,14162.660869565218,2094124.0608695652,0.0
MANHATTAN,EAST 120TH STREET REHAB,71727.0,147.86233181433604,True,14162.660869565218,2094124.0608695652,0.0
MANHATTAN,EAST 152ND STREET-COURTLANDT AVENUE,1310516.0,147.86233181433604,True,14162.660869565218,2094124.0608695652,0.0
MANHATTAN,EAST 165TH STREET-BRYANT AVENUE,239409.0,147.86233181433604,True,14162.660869565218,2094124.0608695652,0.0
MANHATTAN,EAST 173RD STREET-VYSE AVENUE,224221.0,147.86233181433604,True,14162.660869565218,2094124.0608695652,0.0
MANHATTAN,EAST 178TH STREET,1498066.0,147.86233181433604,True,14162.660869565218,2094124.0608695652,0.0
MANHATTAN,EAST 180TH STREET-MONTEREY AVENUE,1823865.0,147.86233181433604,True,14162.660869565218,2094124.0608695652,0.0
MANHATTAN,EAST NEW YORK CITY LINE,688417.0,147.86233181433604,True,14162.660869565218,2094124.0608695652,0.0
MANHATTAN,EAST RIVER,7694440.0,147.86233181433604,True,14162.660869565218,2094124.0608695652,5600315.939130435
MANHATTAN,EASTCHESTER GARDENS,1521645.0,147.86233181433604,True,14162.660869565218,2094124.0608695652,0.0
MANHATTAN,EDENWALD,4233760.0,147.86233181433604,True,14162.660869565218,2094124.0608695652,2139635.9391304348
MANHATTAN,FIRST HOUSES,87264.0,147.86233181433604,True,14162.660869565218,2094124.0608695652,0.0
MANHATTAN,FOREST,1404400.0,147.86233181433604,True,14162.660869565218,2094124.0608695652,0.0
MANHATTAN,GLENWOOD,1374960.0,147.86233181433604,True,14162.660869565218,2094124.0608695652,0.0
MANHATTAN,GOWANUS,463760.0,147.86233181433604,True,14162.660869565218,2094124.0608695652,0.0
MANHATTAN,GRAMPION,43927.0,147.86233181433604,True,14162.660869565218,2094124.0608695652,0.0
MANHATTAN,GRANT,3617400.0,147.86233181433604,True,14162.660869565218,2094124.0608695652,1523275.9391304348
MANHATTAN,GUN HILL,1128680.0,147.86233181433604,True,14162.660869565218,2094124.0608695652,0.0
MANHATTAN,HARLEM RIVER,1968480.0,147.86233181433604,True,14162.660869565218,2094124.0608695652,0.0
MANHATTAN,HARLEM RIVER II,890708.0,147.86233181433604,True,14162.660869565218,2094124.0608695652,0.0
MANHATTAN,HARRISON AVENUE REHAB (GROUP A),59269.0,147.86233181433604,True,14162.660869565218,2094124.0608695652,0.0
MANHATTAN,HARRISON AVENUE REHAB (GROUP B),212286.0,147.86233181433604,True,14162.660869565218,2094124.0608695652,0.0
MANHATTAN,HOWARD AVENUE,4319.0,147.86233181433604,True,14162.660869565218,2094124.0608695652,0.0
MANHATTAN,HOWARD AVENUE-PARK PLACE,253217.0,147.86233181433604,True,14162.660869565218,2094124.0608695652,0.0
MANHATTAN,HUGHES APARTMENTS,3392131.0,147.86233181433604,True,14162.660869565218,2094124.0608695652,1298006.9391304348
MANHATTAN,HUNTS POINT AVENUE REHAB,219255.0,147.86233181433604,True,14162.660869565218,2094124.0608695652,0.0
MANHATTAN,HYLAN,2227200.0,147.86233181433604,True,14162.660869565218,2094124.0608695652,133075.93913043477
MANHATTAN,INDEPENDENCE,4248449.0,147.86233181433604,True,14162.660869565218,2094124.0608695652,2154324.9391304348
MANHATTAN,INGERSOLL,3761387.0,147.86233181433604,True,14162.660869565218,2094124.0608695652,1667262.9391304348
MANHATTAN,INTERNATIONAL TOWER,3723.0,147.86233181433604,True,14162.660869565218,2094124.0608695652,0.0
MANHATTAN,KINGSBOROUGH,2353320.0,147.86233181433604,True,14162.660869565218,2094124.0608695652,259195.93913043477
MANHATTAN,KINGSBOROUGH EXTENSION,639746.0,147.86233181433604,True,14162.660869565218,2094124.0608695652,0.0
MANHATTAN,LA GUARDIA,6942976.0,147.86233181433604,True,14162.660869565218,2094124.0608695652,4848851.939130435
MANHATTAN,LA GUARDIA ADDITION,491059.0,147.86233181433604,True,14162.660869565218,2094124.0608695652,0.0
MANHATTAN,LAFAYETTE,6064416.0,147.86233181433604,True,14162.660869565218,2094124.0608695652,3970291.9391304348
MANHATTAN,LATIMER GARDENS,2715860.0,147.86233181433604,True,14162.660869565218,2094124.0608695652,621735.9391304348
MANHATTAN,LEAVITT STREET-34TH AVENUE,541887.0,147.86233181433604,True,14162.660869565218,2094124.0608695652,0.0
MANHATTAN,LEHMAN VILLAGE,4557087.0,147.86233181433604,True,14162.660869565218,2094124.0608695652,2462962.9391304348
MANHATTAN,LENOX ROAD-ROCKAWAY PARKWAY,108582.0,147.86233181433604,True,14162.660869565218,2094124.0608695652,0.0
MANHATTAN,LEXINGTON,2634178.0,147.86233181433604,True,14162.660869565218,2094124.0608695652,540053.9391304348
MANHATTAN,LINCOLN,7891991.0,147.86233181433604,True,14162.660869565218,2094124.0608695652,5797866.939130435
MANHATTAN,LINDEN,2798976.0,147.86233181433604,True,14162.660869565218,2094124.0608695652,704851.9391304348
MANHATTAN,LONG ISLAND BAPTIST HOUSES,72436.0,147.86233181433604,True,14162.660869565218,2094124.0608695652,0.0
MANHATTAN,LONGFELLOW AVENUE REHAB,210035.0,147.86233181433604,True,14162.660869565218,2094124.0608695652,0.0
MANHATTAN,LOW HOUSES,3810558.0,147.86233181433604,True,14162.660869565218,2094124.0608695652,1716433.9391304348
MANHATTAN,LOWER EAST SIDE I INFILL,429764.0,147.86233181433604,True,14162.660869565218,2094124.0608695652,0.0
MANHATTAN,LOWER EAST SIDE II,407889.0,147.86233181433604,True,14162.660869565218,2094124.0608695652,0.0
MANHATTAN,LOWER EAST SIDE III,159364.0,147.86233181433604,True,14162.660869565218,2094124.0608695652,0.0
MANHATTAN,LOWER EAST SIDE REHAB (GROUP 5),124415.0,147.86233181433604,True,14162.660869565218,2094124.0608695652,0.0
MANHATTAN,MANHATTANVILLE REHAB (GROUP 2),18990.0,147.86233181433604,True,14162.660869565218,2094124.0608695652,0.0
MANHATTAN,MANHATTANVILLE REHAB (GROUP 3),80143.0,147.86233181433604,True,14162.660869565218,2094124.0608695652,0.0
MANHATTAN,MARBLE HILL,8685148.0,147.86233181433604,True,14162.660869565218,2094124.0608695652,6591023.939130435
MANHATTAN,MARCY,3677178.0,147.86233181433604,True,14162.660869565218,2094124.0608695652,1583053.9391304348
MANHATTAN,MARLBORO,5564999.0,147.86233181433604,True,14162.660869565218,2094124.0608695652,3470874.9391304348
MANHATTAN,NOSTRAND,1012750.0,147.86233181433604,True,14162.660869565218,2094124.0608695652,0.0
MANHATTAN,OCEAN BAY APARTMENTS (OCEANSIDE),378960.0,147.86233181433604,True,14162.660869565218,2094124.0608695652,0.0
MANHATTAN,POLO GROUNDS TOWERS,3047200.0,147.86233181433604,True,14162.660869565218,2094124.0608695652,953075.9391304348
MANHATTAN,RANGEL,1031971.0,147.86233181433604,True,14162.660869565218,2094124.0608695652,0.0
MANHATTAN,RAVENSWOOD,1389840.0,147.86233181433604,True,14162.660869565218,2094124.0608695652,0.0
MANHATTAN,RED HOOK EAST,175204.0,147.86233181433604,True,14162.660869565218,2094124.0608695652,0.0
MANHATTAN,RIIS,1880400.0,147.86233181433604,True,14162.660869565218,2094124.0608695652,0.0
MANHATTAN,RIIS II,765680.0,147.86233181433604,True,14162.660869565218,2094124.0608695652,0.0
MANHATTAN,SHEEPSHEAD BAY,4695274.0,147.86233181433604,True,14162.660869565218,2094124.0608695652,2601149.9391304348
MANHATTAN,SHELTON HOUSE,184959.0,147.86233181433604,True,14162.660869565218,2094124.0608695652,0.0
MANHATTAN,SMITH,6056400.0,147.86233181433604,True,14162.660869565218,2094124.0608695652,3962275.9391304348
MANHATTAN,SOTOMAYOR HOUSES,6987352.0,147.86233181433604,True,14162.660869565218,2094124.0608695652,4893227.939130435
MANHATTAN,SOUNDVIEW,8577510.0,147.86233181433604,True,14162.660869565218,2094124.0608695652,6483385.939130435
MANHATTAN,SOUTH BEACH,3214639.0,147.86233181433604,True,14162.660869565218,2094124.0608695652,1120514.9391304348
MANHATTAN,SOUTH BRONX AREA (SITE 402),260678.0,147.86233181433604,True,14162.660869565218,2094124.0608695652,0.0
MANHATTAN,SOUTH JAMAICA I,1960668.0,147.86233181433604,True,14162.660869565218,2094124.0608695652,0.0
MANHATTAN,SOUTH JAMAICA II,417400.0,147.86233181433604,True,14162.660869565218,2094124.0608695652,0.0
MANHATTAN,SUMNER,5873517.0,147.86233181433604,True,14162.660869565218,2094124.0608695652,3779392.9391304348
MANHATTAN,SURFSIDE GARDENS,797463.0,147.86233181433604,True,14162.660869565218,2094124.0608695652,0.0
MANHATTAN,UPACA (SITE 6),62976.0,147.86233181433604,True,14162.660869565218,2094124.0608695652,0.0
MANHATTAN,VAN DYKE I,739542.0,147.86233181433604,True,14162.660869565218,2094124.0608695652,0.0
MANHATTAN,VLADECK,2531080.0,147.86233181433604,True,14162.660869565218,2094124.0608695652,436955.93913043477
MANHATTAN,WASHINGTON,2503626.0,147.86233181433604,True,14162.660869565218,2094124.0608695652,409501.93913043477
MANHATTAN,WASHINGTON AVENUE,637906.0,147.86233181433604,True,14162.660869565218,2094124.0608695652,0.0
MANHATTAN,WASHINGTON HEIGHTS REHAB (GROUPS 1&2),316460.0,147.86233181433604,True,14162.660869565218,2094124.0608695652,0.0
MANHATTAN,WASHINGTON HEIGHTS REHAB PHASE III,150132.0,147.86233181433604,True,14162.660869565218,2094124.0608695652,0.0
MANHATTAN,WASHINGTON HEIGHTS REHAB PHASE IV (C),46813.0,147.86233181433604,True,14162.660869565218,2094124.0608695652,0.0
MANHATTAN,WASHINGTON HEIGHTS REHAB PHASE IV (D),45979.0,147.86233181433604,True,14162.660869565218,2094124.0608695652,0.0
MANHATTAN,WATSON AVENUE,510490.0,147.86233181433604,True,14162.660869565218,2094124.0608695652,0.0
MANHATTAN,WEBSTER,2590210.0,147.86233181433604,True,14162.660869565218,2094124.0608695652,496085.93913043477
MANHATTAN,WILLIAMS PLAZA,3709650.0,147.86233181433604,True,14162.660869565218,2094124.0608695652,1615525.9391304348
MANHATTAN,WILLIAMSBURG,9035057.0,147.86233181433604,True,14162.660869565218,2094124.0608695652,6940932.939130435
MANHATTAN,WILSON,3310899.0,147.86233181433604,True,14162.660869565218,2094124.0608695652,1216774.9391304348
MANHATTAN,WISE TOWERS,2361686.0,147.86233181433604,True,14162.660869565218,2094124.0608695652,267561.93913043477
MANHATTAN,WOODSIDE,8369507.0,147.86233181433604,True,14162.660869565218,2094124.0608695652,6275382.939130435
MANHATTAN,WOODSON,1757025.0,147.86233181433604,True,14162.660869565218,2094124.0608695652,0.0
MANHATTAN,WYCKOFF GARDENS,3339174.0,147.86233181433604,True,14162.660869565218,2094124.0608695652,1245049.9391304348
QUEENS,ASTORIA,7442875.0,62.62186947891127,True,40247.46428571428,2520371.4553571427,4922503.544642857
QUEENS,ATLANTIC TERMINAL SITE 4B,1823090.0,62.62186947891127,True,40247.46428571428,2520371.4553571427,0.0
QUEENS,AUDUBON,1314550.0,62.62186947891127,True,40247.46428571428,2520371.4553571427,0.0
QUEENS,BAILEY AVENUE-WEST 193RD STREET,1557445.0,62.62186947891127,True,40247.46428571428,2520371.4553571427,0.0
QUEENS,BAISLEY PARK,2916312.0,62.62186947891127,True,40247.46428571428,2520371.4553571427,395940.5446428573
QUEENS,BARUCH,1213357.0,62.62186947891127,True,40247.46428571428,2520371.4553571427,0.0
QUEENS,BERRY STREET-SOUTH 9TH STREET,170243.0,62.62186947891127,True,40247.46428571428,2520371.4553571427,0.0
QUEENS,BETANCES I,2096781.0,62.62186947891127,True,40247.46428571428,2520371.4553571427,0.0
QUEENS,BORINQUEN PLAZA II,1779200.0,62.62186947891127,True,40247.46428571428,2520371.4553571427,0.0
QUEENS,BOSTON ROAD PLAZA,1195047.0,62.62186947891127,True,40247.46428571428,2520371.4553571427,0.0
QUEENS,BOSTON SECOR,3915286.0,62.62186947891127,True,40247.46428571428,2520371.4553571427,1394914.5446428573
QUEENS,BOULEVARD,418240.0,62.62186947891127,True,40247.46428571428,2520371.4553571427,0.0
QUEENS,CASTLE HILL,798207.0,62.62186947891127,True,40247.46428571428,2520371.4553571427,0.0
QUEENS,CYPRESS HILLS,695840.0,62.62186947891127,True,40247.46428571428,2520371.4553571427,0.0
QUEENS,HOWARD,411360.0,62.62186947891127,True,40247.46428571428,2520371.4553571427,0.0
QUEENS,HOWARD AVENUE,233225.0,62.62186947891127,True,40247.46428571428,2520371.4553571427,0.0
QUEENS,KINGSBOROUGH,2286795.0,62.62186947891127,True,40247.46428571428,2520371.4553571427,0.0
QUEENS,MANHATTANVILLE,4849859.0,62.62186947891127,True,40247.46428571428,2520371.4553571427,2329487.5446428573
QUEENS,MANHATTANVILLE REHAB (GROUP 2),58273.0,62.62186947891127,True,40247.46428571428,2520371.4553571427,0.0
QUEENS,PINK,2163840.0,62.62186947891127,True,40247.46428571428,2520371.4553571427,0.0
QUEENS,RAVENSWOOD,12398178.0,62.62186947891127,True,40247.46428571428,2520371.4553571427,9877806.544642858
QUEENS,RED HOOK EAST,10092896.0,62.62186947891127,True,40247.46428571428,2520371.4553571427,7572524.544642857
QUEENS,RED HOOK WEST,7946840.0,62.62186947891127,True,40247.46428571428,2520371.4553571427,5426468.544642857
QUEENS,REDFERN,4588840.0,62.62186947891127,True,40247.46428571428,2520371.4553571427,2068468.5446428573
QUEENS,REHAB PROGRAM (COLLEGE POINT),66152.0,62.62186947891127,True,40247.46428571428,2520371.4553571427,0.0
QUEENS,REHAB PROGRAM (DOUGLASS REHABS),584668.0,62.62186947891127,True,40247.46428571428,2520371.4553571427,0.0
QUEENS,REHAB PROGRAM (TAFT REHABS),760142.0,62.62186947891127,True,40247.46428571428,2520371.4553571427,0.0
QUEENS,REHAB PROGRAM (WISE REHAB),244171.0,62.62186947891127,True,40247.46428571428,2520371.4553571427,0.0
QUEENS,REID APARTMENTS,864216.0,62.62186947891127,True,40247.46428571428,2520371.4553571427,0.0
QUEENS,RICHMOND TERRACE,3801563.0,62.62186947891127,True,40247.46428571428,2520371.4553571427,1281191.5446428573
QUEENS,RIIS II,1708177.0,62.62186947891127,True,40247.46428571428,2520371.4553571427,0.0
QUEENS,ROBBINS PLAZA,651485.0,62.62186947891127,True,40247.46428571428,2520371.4553571427,0.0
QUEENS,ROBINSON,1400083.0,62.62186947891127,True,40247.46428571428,2520371.4553571427,0.0
QUEENS,ROOSEVELT I,5360909.0,62.62186947891127,True,40247.46428571428,2520371.4553571427,2840537.5446428573
QUEENS,ROOSEVELT II,2041420.0,62.62186947891127,True,40247.46428571428,2520371.4553571427,0.0
QUEENS,RUTGERS,4563328.0,62.62186947891127,True,40247.46428571428,2520371.4553571427,2042956.5446428573
QUEENS,RUTLAND TOWERS,407225.0,62.62186947891127,True,40247.46428571428,2520371.4553571427,0.0
QUEENS,SACK WERN,3010220.0,62.62186947891127,True,40247.46428571428,2520371.4553571427,489848.5446428573
QUEENS,SAINT MARYS PARK,6999069.0,62.62186947891127,True,40247.46428571428,2520371.4553571427,4478697.544642857
QUEENS,SAINT NICHOLAS,9177200.0,62.62186947891127,True,40247.46428571428,2520371.4553571427,6656828.544642857
QUEENS,SEWARD PARK EXTENSION,168434.0,62.62186947891127,True,40247.46428571428,2520371.4553571427,0.0
QUEENS,SHEEPSHEAD BAY,1648716.0,62.62186947891127,True,40247.46428571428,2520371.4553571427,0.0
QUEENS,SUMNER,1132560.0,62.62186947891127,True,40247.46428571428,2520371.4553571427,0.0
QUEENS,TILDEN,1770065.0,62.62186947891127,True,40247.46428571428,2520371.4553571427,0.0
QUEENS,TODT HILL,2910902.0,62.62186947891127,True,40247.46428571428,2520371.4553571427,390530.5446428573
QUEENS,TOMPKINS,7734457.5,62.62186947891127,True,40247.46428571428,2520371.4553571427,5214086.044642857
QUEENS,TWIN PARKS EAST (SITE 9),460205.0,62.62186947891127,True,40247.46428571428,2520371.4553571427,0.0
QUEENS,TWIN PARKS WEST (SITES 1 & 2),2103104.0,62.62186947891127,True,40247.46428571428,2520371.4553571427,0.0
QUEENS,TWO BRIDGES URA (SITE 7),2042955.0,62.62186947891127,True,40247.46428571428,2520371.4553571427,0.0
QUEENS,UNION AVENUE-EAST 163RD STREET,370104.0,62.62186947891127,True,40247.46428571428,2520371.4553571427,0.0
QUEENS,UNION AVENUE-EAST 166TH STREET,356858.0,62.62186947891127,True,40247.46428571428,2520371.4553571427,0.0
QUEENS,UNITY PLAZA (SITES 04-27),3928884.0,62.62186947891127,True,40247.46428571428,2520371.4553571427,1408512.5446428573
QUEENS,"UNITY PLAZA (SITES 17,24,25A)",1281223.0,62.62186947891127,True,40247.46428571428,2520371.4553571427,0.0
QUEENS,UNIVERSITY AVENUE REHAB,365341.0,62.62186947891127,True,40247.46428571428,2520371.4553571427,0.0
QUEENS,UPACA (SITE 5),556782.0,62.62186947891127,True,40247.46428571428,2520371.4553571427,0.0
QUEENS,UPACA (SITE 6),303604.0,62.62186947891127,True,40247.46428571428,2520371.4553571427,0.0
STATEN ISLAND,BETANCES IV,964080.0,18.968818046301845,True,49574.7,940373.464,23706.535999999964
STATEN ISLAND,CLAREMONT REHAB (GROUP 4),57931.0,18.968818046301845,True,49574.7,940373.464,0.0
STATEN ISLAND,CLAREMONT REHAB (GROUP 5),53153.0,18.968818046301845,True,49574.7,940373.464,0.0
STATEN ISLAND,MORRIS I,1051205.64,18.968818046301845,True,49574.7,940373.464,110832.17599999986
STATEN ISLAND,MORRIS II,3730324.0,18.968818046301845,True,49574.7,940373.464,2789950.536
STATEN ISLAND,PELHAM PARKWAY,385840.0,18.968818046301845,True,49574.7,940373.464,0.0
STATEN ISLAND,SHEEPSHEAD BAY,670080.0,18.968818046301845,True,49574.7,940373.464,0.0
STATEN ISLAND,THROGGS NECK ADDITION,1535371.0,18.968818046301845,True,49574.7,940373.464,594997.536
STATEN ISLAND,VAN DYKE I,678030.0,18.968818046301845,True,49574.7,940373.464,0.0
STATEN ISLAND,WALD,277720.0,18.968818046301845,True,49574.7,940373.464,0.0
